<?xml version="1.0" encoding="UTF-8"?>
<level>
	<player name="mainplayer">
		<spawnposition>
			<x>80</x>
			<y>300</y>
		</spawnposition>
		<health>10</health>
	</player>
	<entities>
		<circleprop>
			<x>400</x>
			<y>300</y>
			<size>50</size>
			<static>false</static>
		</circleprop>
		<boxprop>
			<x>0</x>
			<y>600</y>
			<sizex>400</sizex>
			<sizey>300</sizey>
			<rotation>0</rotation>
			<static>true</static>
		</boxprop>
		<boxprop>
			<x>500</x>
			<y>600</y>
			<sizex>400</sizex>
			<sizey>300</sizey>
			<rotation>0</rotation>
			<static>true</static>
		</boxprop>
		<boxprop>
			<x>200</x>
			<y>250</y>
			<sizex>100</sizex>
			<sizey>300</sizey>
			<rotation>0</rotation>
			<static>false</static>
		</boxprop>
		<landmine>
			<x>40</x>
			<y>300</y>
			<rotation>0</rotation>
			<explosiveforce>500000</explosiveforce>
		</landmine>
		<camera>
			<followobject>mainplayer</followobject>
			<isactive>true</isactive>
		</camera>
	</entities>
	<scripts>
		<!--To support Javascripting!-->
	</scripts>
</level>
